{"loss": [0.4916408061981201, 0.3333205282688141, 0.28720393776893616, 0.2536036968231201, 0.2280336618423462, 0.20824390649795532, 0.19148503243923187, 0.17579561471939087, 0.16160503029823303, 0.14963990449905396], "accuracy": [0.8207166790962219, 0.8783166408538818, 0.8945500254631042, 0.9063500165939331, 0.9157666563987732, 0.9216833114624023, 0.9276166558265686, 0.9340500235557556, 0.9392666816711426, 0.9435999989509583], "val_loss": [0.3759566843509674, 0.2794838845729828, 0.2663997411727905, 0.23777319490909576, 0.24588210880756378, 0.23772424459457397, 0.2485499233007431, 0.22715094685554504, 0.2465701699256897, 0.23144041001796722], "val_accuracy": [0.8583999872207642, 0.8960999846458435, 0.8974000215530396, 0.911899983882904, 0.9107999801635742, 0.9142000079154968, 0.909500002861023, 0.9200999736785889, 0.9172000288963318, 0.9172999858856201]}